Model,MAE,RMSE
Linear Regression,3.75505767167706,5.176496833747206
Random Forest,5.636640793800024,6.920329254772041
SARIMA,7.628794357759893,8.996097232667571
